date,meeting,target,hike,cut,hold
2026-07-29,2026-09-16,3.50%-3.75%,55.2,0,44.8
2026-07-30,2026-09-16,3.50%-3.75%,62.7,0,37.3
2026-07-31,2026-09-16,3.50%-3.75%,65.6,0,34.4
2026-08-03,2026-09-16,3.50%-3.75%,66.0,0,34.0
2026-08-04,2026-09-16,3.50%-3.75%,58.9,0,41.1
2026-08-05,2026-09-16,3.50%-3.75%,55.2,0,44.8
2026-08-06,2026-09-16,3.50%-3.75%,54.4,0,45.6
2026-08-07,2026-09-16,3.50%-3.75%,43.9,0,56.1
2026-08-10,2026-09-16,3.50%-3.75%,51.0,0,49.0
2026-08-11,2026-09-16,3.50%-3.75%,47.7,0,52.3
2026-08-12,2026-09-16,3.50%-3.75%,40.6,0,59.4
2026-08-13,2026-09-16,3.50%-3.75%,33.5,0,66.5
2026-08-14,2026-09-16,3.50%-3.75%,33.9,0,66.1
2026-08-17,2026-09-16,3.50%-3.75%,37.6,0,62.4
2026-08-18,2026-09-16,3.50%-3.75%,37.6,0,62.4
2026-08-19,2026-09-16,3.50%-3.75%,33.9,0,66.1
2026-08-20,2026-09-16,3.50%-3.75%,37.6,0,62.4
2026-08-21,2026-09-16,3.50%-3.75%,41.0,0,59.0
2026-08-24,2026-09-16,3.50%-3.75%,40.2,0,59.8
2026-08-25,2026-09-16,3.50%-3.75%,36.8,0,63.2
2026-08-26,2026-09-16,3.50%-3.75%,36.8,0,63.2
2026-08-27,2026-09-16,3.50%-3.75%,36.4,0,63.6
2026-08-28,2026-09-16,3.50%-3.75%,58.1,0,41.9
2026-08-31,2026-09-16,3.50%-3.75%,66.4,0,33.6
2026-09-01,2026-09-16,3.50%-3.75%,67.9,0,32.1
2026-09-02,2026-09-16,3.50%-3.75%,64.2,0,35.8
2026-09-03,2026-09-16,3.50%-3.75%,51.4,0,48.6
2026-09-04,2026-09-16,3.50%-3.75%,60.8,0,39.2
2026-09-08,2026-09-16,3.50%-3.75%,60.8,0,39.2
2026-09-09,2026-09-16,3.50%-3.75%,62.3,0,37.7
2026-09-10,2026-09-16,3.50%-3.75%,73.8,0,26.2
2026-09-11,2026-09-16,3.50%-3.75%,86.8,0,13.2
2026-09-14,2026-09-16,3.50%-3.75%,92.8,0,7.2
2026-09-15,2026-09-16,3.50%-3.75%,94.7,0,5.3
2026-09-16,2026-10-28,3.50%-3.75%,48.7,0,51.3
2026-09-17,2026-10-28,3.75%-4.00%,55.4,0,44.6
2026-09-18,2026-10-28,3.75%-4.00%,57.6,0,42.4
2026-09-21,2026-10-28,3.75%-4.00%,57.6,0,42.4
2026-09-22,2026-10-28,3.75%-4.00%,55.4,0,44.6
2026-09-23,2026-10-28,3.75%-4.00%,70.9,0,29.1
2026-09-24,2026-10-28,3.75%-4.00%,68.6,0,31.4
2026-09-25,2026-10-28,3.75%-4.00%,64.2,0,35.8
