,2026,2026,2026,2026,2027,2027,2027,2027,2027,2027,2027,2027,2027
,9,10,11,12,1,2,3,4,5,6,7,8,9
Date,,,,,,,,,,,,,
2026-07-01,96.23999786376953,96.16999816894531,96.11499786376953,96.04499816894531,96.01499938964844,95.98500061035156,95.96499633789062,95.94000244140625,95.93499755859375,95.94999694824219,95.95999908447266,95.98999786376953,96.00499725341797
2026-07-02,96.2750015258789,96.20999908447266,96.16000366210938,96.08999633789062,96.05999755859375,96.02999877929688,96.01000213623047,95.98500061035156,95.9800033569336,95.98999786376953,96.0,96.02999877929688,96.04499816894531
2026-07-06,96.25499725341797,96.19499969482422,96.15499877929688,96.09500122070312,96.06999969482422,96.04499816894531,96.0250015258789,96.0,95.99500274658203,96.01000213623047,96.0199966430664,96.05000305175781,96.06500244140625
2026-07-07,96.25,96.18000030517578,96.13500213623047,96.06999969482422,96.04000091552734,96.01000213623047,95.98500061035156,95.95999908447266,95.95500183105469,95.96499633789062,95.9749984741211,96.0,96.01499938964844
2026-07-08,96.23500061035156,96.16000366210938,96.1050033569336,96.03500366210938,96.00499725341797,95.9749984741211,95.94999694824219,95.92500305175781,95.91500091552734,95.92500305175781,95.93499755859375,95.95999908447266,95.9749984741211
2026-07-09,96.25499725341797,96.18499755859375,96.13999938964844,96.07499694824219,96.04000091552734,96.01000213623047,95.98999786376953,95.96499633789062,95.95500183105469,95.96499633789062,95.9749984741211,95.99500274658203,96.01000213623047
2026-07-10,96.2300033569336,96.1500015258789,96.0999984741211,96.02999877929688,96.0,95.97000122070312,95.94499969482422,95.91500091552734,95.90499877929688,95.91500091552734,95.92500305175781,95.94499969482422,95.95999908447266
2026-07-13,96.20500183105469,96.12000274658203,96.05500030517578,95.98500061035156,95.94999694824219,95.91000366210938,95.88500213623047,95.8550033569336,95.83999633789062,95.8499984741211,95.86000061035156,95.87999725341797,95.8949966430664
2026-07-14,96.2750015258789,96.20500183105469,96.16000366210938,96.09500122070312,96.06500244140625,96.02999877929688,96.0,95.96499633789062,95.94499969482422,95.94499969482422,95.94999694824219,95.95999908447266,95.97000122070312
2026-07-15,96.29499816894531,96.23500061035156,96.19499969482422,96.13999938964844,96.11499786376953,96.08499908447266,96.06500244140625,96.03500366210938,96.01499938964844,96.0199966430664,96.0250015258789,96.03500366210938,96.04499816894531
2026-07-16,96.29000091552734,96.2249984741211,96.18000030517578,96.12000274658203,96.09500122070312,96.05999755859375,96.03500366210938,96.00499725341797,95.98500061035156,95.98500061035156,95.98999786376953,96.0,96.01000213623047
2026-07-17,96.27999877929688,96.20500183105469,96.1500015258789,96.08499908447266,96.05999755859375,96.0250015258789,96.0,95.9749984741211,95.95999908447266,95.95999908447266,95.96499633789062,95.9800033569336,95.99500274658203
2026-07-20,96.2699966430664,96.18499755859375,96.125,96.05500030517578,96.0250015258789,95.98999786376953,95.96499633789062,95.93499755859375,95.91999816894531,95.91999816894531,95.92500305175781,95.94000244140625,95.95500183105469
2026-07-21,96.23999786376953,96.15499877929688,96.08999633789062,96.01499938964844,95.98500061035156,95.94499969482422,95.91500091552734,95.88500213623047,95.86499786376953,95.87000274658203,95.875,95.88999938964844,95.90499877929688
2026-07-22,96.20999908447266,96.11499786376953,96.05000305175781,95.9800033569336,95.94499969482422,95.90499877929688,95.87999725341797,95.84500122070312,95.82499694824219,95.82499694824219,95.83000183105469,95.84500122070312,95.86000061035156
2026-07-23,96.19999694824219,96.09500122070312,96.0250015258789,95.94999694824219,95.91500091552734,95.87000274658203,95.83999633789062,95.80000305175781,95.7699966430664,95.76499938964844,95.76499938964844,95.7699966430664,95.78500366210938
2026-07-24,96.19499969482422,96.09500122070312,96.02999877929688,95.95999908447266,95.92500305175781,95.88500213623047,95.8550033569336,95.81999969482422,95.79499816894531,95.79499816894531,95.80000305175781,95.80999755859375,95.82499694824219
2026-07-27,96.19499969482422,96.09500122070312,96.0250015258789,95.95999908447266,95.93000030517578,95.88999938964844,95.86499786376953,95.83499908447266,95.81500244140625,95.81500244140625,95.81999969482422,95.83000183105469,95.84500122070312
2026-07-28,96.21499633789062,96.125,96.05999755859375,95.99500274658203,95.96499633789062,95.93000030517578,95.90499877929688,95.87999725341797,95.86000061035156,95.86000061035156,95.86499786376953,95.875,95.88999938964844
2026-07-29,96.29499816894531,96.21499633789062,96.15499877929688,96.08000183105469,96.04499816894531,96.0,95.97000122070312,95.93000030517578,95.9000015258789,95.8949966430664,95.8949966430664,95.90499877929688,95.91999816894531
2026-07-30,96.29000091552734,96.19999694824219,96.13999938964844,96.06999969482422,96.04000091552734,96.0,95.97000122070312,95.93499755859375,95.91000366210938,95.90499877929688,95.90499877929688,95.91500091552734,95.92500305175781
2026-07-31,96.29000091552734,96.19499969482422,96.125,96.04000091552734,96.0,95.94499969482422,95.91000366210938,95.86499786376953,95.83499908447266,95.82499694824219,95.82499694824219,95.83000183105469,95.83999633789062
2026-08-03,96.28500366210938,96.19000244140625,96.125,96.04499816894531,96.01000213623047,95.97000122070312,95.94000244140625,95.9000015258789,95.875,95.86499786376953,95.86499786376953,95.87000274658203,95.88500213623047
2026-08-04,96.30000305175781,96.21499633789062,96.15499877929688,96.07499694824219,96.04499816894531,96.0199966430664,95.98999786376953,95.95500183105469,95.94000244140625,95.93000030517578,95.93000030517578,95.94000244140625,95.95500183105469
2026-08-05,96.30500030517578,96.2249984741211,96.16500091552734,96.08999633789062,96.05999755859375,96.03500366210938,96.00499725341797,95.9749984741211,95.96499633789062,95.95999908447266,95.95999908447266,95.97000122070312,95.98500061035156
2026-08-06,96.30000305175781,96.22000122070312,96.1500015258789,96.05999755859375,96.0199966430664,95.98500061035156,95.95500183105469,95.91500091552734,95.8949966430664,95.88500213623047,95.87999725341797,95.88999938964844,95.9000015258789
2026-08-07,96.31500244140625,96.25,96.19000244140625,96.11000061035156,96.07499694824219,96.04000091552734,96.01000213623047,95.9749984741211,95.95500183105469,95.94000244140625,95.94000244140625,95.94499969482422,95.95500183105469
2026-08-10,96.30500030517578,96.2300033569336,96.16500091552734,96.08499908447266,96.05000305175781,96.01000213623047,95.9800033569336,95.94499969482422,95.92500305175781,95.90499877929688,95.9000015258789,95.90499877929688,95.91000366210938
2026-08-11,96.30999755859375,96.23999786376953,96.18000030517578,96.0999984741211,96.06500244140625,96.02999877929688,96.0,95.96499633789062,95.94499969482422,95.93000030517578,95.92500305175781,95.93000030517578,95.93499755859375
2026-08-12,96.31999969482422,96.26000213623047,96.20500183105469,96.125,96.08999633789062,96.05500030517578,96.0250015258789,95.98999786376953,95.97000122070312,95.95500183105469,95.94999694824219,95.94999694824219,95.95500183105469
2026-08-13,96.33000183105469,96.27999877929688,96.2300033569336,96.16500091552734,96.13999938964844,96.1050033569336,96.08000183105469,96.05000305175781,96.03500366210938,96.0199966430664,96.01499938964844,96.0199966430664,96.0250015258789
2026-08-14,96.33000183105469,96.27999877929688,96.23500061035156,96.16500091552734,96.12999725341797,96.08999633789062,96.06500244140625,96.02999877929688,96.01000213623047,95.99500274658203,95.98999786376953,95.98999786376953,95.99500274658203
2026-08-17,96.33000183105469,96.2750015258789,96.2300033569336,96.16000366210938,96.125,96.08499908447266,96.05500030517578,96.0199966430664,96.0,95.98500061035156,95.9800033569336,95.9800033569336,95.98500061035156
2026-08-18,96.33000183105469,96.2750015258789,96.2300033569336,96.16000366210938,96.12999725341797,96.08499908447266,96.05500030517578,96.0250015258789,96.00499725341797,95.98999786376953,95.98500061035156,95.98500061035156,95.98999786376953
2026-08-19,96.33000183105469,96.27999877929688,96.23500061035156,96.16500091552734,96.12999725341797,96.08999633789062,96.05999755859375,96.02999877929688,96.00499725341797,95.98500061035156,95.9800033569336,95.9800033569336,95.9800033569336
2026-08-20,96.33000183105469,96.2750015258789,96.2300033569336,96.16500091552734,96.13500213623047,96.09500122070312,96.06500244140625,96.03500366210938,96.01000213623047,95.98999786376953,95.98500061035156,95.9800033569336,95.9800033569336
2026-08-21,96.32499694824219,96.26499938964844,96.21499633789062,96.13999938964844,96.11000061035156,96.06500244140625,96.02999877929688,95.99500274658203,95.96499633789062,95.94000244140625,95.93000030517578,95.92500305175781,95.92500305175781
2026-08-24,96.31999969482422,96.26000213623047,96.19999694824219,96.12000274658203,96.08999633789062,96.04499816894531,96.01000213623047,95.9749984741211,95.94999694824219,95.93000030517578,95.91999816894531,95.91500091552734,95.91500091552734
2026-08-25,96.31999969482422,96.26499938964844,96.20999908447266,96.13500213623047,96.1050033569336,96.06500244140625,96.03500366210938,96.00499725341797,95.98500061035156,95.97000122070312,95.95999908447266,95.96499633789062,95.96499633789062
2026-08-26,96.32499694824219,96.2699966430664,96.21499633789062,96.13500213623047,96.0999984741211,96.05500030517578,96.0199966430664,95.98500061035156,95.96499633789062,95.94499969482422,95.93499755859375,95.93499755859375,95.93499755859375
2026-08-27,96.33000183105469,96.2750015258789,96.21499633789062,96.12999725341797,96.09500122070312,96.05000305175781,96.01499938964844,95.9749984741211,95.94999694824219,95.93000030517578,95.91999816894531,95.91999816894531,95.91999816894531
2026-08-28,96.30500030517578,96.22000122070312,96.1500015258789,96.03500366210938,95.98500061035156,95.92500305175781,95.87999725341797,95.83000183105469,95.80000305175781,95.77999877929688,95.7699966430664,95.7699966430664,95.7699966430664
2026-08-31,96.29499816894531,96.19999694824219,96.13999938964844,96.03500366210938,95.98500061035156,95.93000030517578,95.88500213623047,95.83499908447266,95.80500030517578,95.77999877929688,95.7699966430664,95.7699966430664,95.7699966430664
2026-09-01,96.2925033569336,96.19499969482422,96.12999725341797,96.0199966430664,95.96499633789062,95.91000366210938,95.86499786376953,95.80999755859375,95.7750015258789,95.74500274658203,95.7300033569336,95.7249984741211,95.7249984741211
2026-09-02,96.29750061035156,96.20500183105469,96.13999938964844,96.02999877929688,95.9800033569336,95.92500305175781,95.87999725341797,95.82499694824219,95.79000091552734,95.76000213623047,95.74500274658203,95.73500061035156,95.73500061035156
2026-09-03,96.31500244140625,96.23999786376953,96.18000030517578,96.08499908447266,96.04000091552734,95.98999786376953,95.94000244140625,95.88999938964844,95.8550033569336,95.81999969482422,95.80500030517578,95.79499816894531,95.79499816894531
2026-09-04,96.30249786376953,96.21499633789062,96.15499877929688,96.05999755859375,96.01499938964844,95.96499633789062,95.91500091552734,95.86499786376953,95.83000183105469,95.79499816894531,95.7750015258789,95.76499938964844,95.76000213623047
2026-09-08,96.30249786376953,96.21499633789062,96.15499877929688,96.05999755859375,96.01000213623047,95.95500183105469,95.91000366210938,95.8550033569336,95.81999969482422,95.77999877929688,95.76000213623047,95.75,95.74500274658203
2026-09-09,96.30000305175781,96.20999908447266,96.1449966430664,96.04499816894531,95.99500274658203,95.94000244140625,95.88999938964844,95.83499908447266,95.79499816894531,95.75499725341797,95.73500061035156,95.72000122070312,95.70999908447266
2026-09-10,96.2874984741211,96.18000030517578,96.09500122070312,95.9749984741211,95.91500091552734,95.83499908447266,95.7699966430664,95.69999694824219,95.6449966430664,95.5999984741211,95.57499694824219,95.55500030517578,95.54499816894531
2026-09-11,96.26750183105469,96.13999938964844,96.02999877929688,95.91000366210938,95.8550033569336,95.7699966430664,95.69999694824219,95.62000274658203,95.55500030517578,95.5,95.4749984741211,95.44999694824219,95.44000244140625
2026-09-14,96.26000213623047,96.125,96.0199966430664,95.9000015258789,95.84500122070312,95.76499938964844,95.69999694824219,95.62999725341797,95.56999969482422,95.5199966430664,95.49500274658203,95.47000122070312,95.45999908447266
2026-09-15,96.26249694824219,96.125,96.0199966430664,95.8949966430664,95.83999633789062,95.76000213623047,95.69000244140625,95.61499786376953,95.55000305175781,95.49500274658203,95.46499633789062,95.44000244140625,95.43000030517578
2026-09-16,96.25499725341797,96.1050033569336,95.99500274658203,95.8550033569336,95.79000091552734,95.70500183105469,95.625,95.52999877929688,95.44999694824219,95.38999938964844,95.36000061035156,95.33999633789062,95.33000183105469
2026-09-17,96.25250244140625,96.1050033569336,95.9800033569336,95.84500122070312,95.77999877929688,95.69999694824219,95.625,95.53500366210938,95.4749984741211,95.42500305175781,95.4000015258789,95.38999938964844,95.38500213623047
2026-09-18,96.25250244140625,96.1050033569336,95.9749984741211,95.83499908447266,95.7699966430664,95.68000030517578,95.5999984741211,95.51000213623047,95.44000244140625,95.38500213623047,95.3550033569336,95.33499908447266,95.32499694824219
2026-09-21,96.25250244140625,96.1050033569336,95.9749984741211,95.83499908447266,95.7699966430664,95.68000030517578,95.5999984741211,95.51000213623047,95.43499755859375,95.37999725341797,95.3499984741211,95.33000183105469,95.31999969482422
2026-09-22,96.25250244140625,96.1050033569336,95.9800033569336,95.83999633789062,95.7750015258789,95.68000030517578,95.6050033569336,95.51499938964844,95.44000244140625,95.38500213623047,95.3550033569336,95.33499908447266,95.32499694824219
2026-09-23,96.25499725341797,96.1050033569336,95.94499969482422,95.80500030517578,95.73500061035156,95.625,95.54499816894531,95.44999694824219,95.36000061035156,95.29000091552734,95.25499725341797,95.22000122070312,95.19999694824219
2026-09-24,96.25250244140625,96.1050033569336,95.94999694824219,95.80500030517578,95.73500061035156,95.625,95.54000091552734,95.44000244140625,95.3499984741211,95.27999877929688,95.24500274658203,95.21499633789062,95.19999694824219
2026-09-25,96.25499725341797,96.11000061035156,95.96499633789062,95.81999969482422,95.75,95.63999938964844,95.55999755859375,95.46499633789062,95.37999725341797,95.31500244140625,95.27999877929688,95.25499725341797,95.23999786376953
